<?xml version="1.0" encoding="UTF-8"?>

<!-- the main configuration for deliberative agents -->
<configuration name="ex1-reactive">

	<!-- load settings -->
	<settings import="config/settings_default.xml" />
	
	<!-- load the topology from an external file -->
	<topology import="config/topology/the_netherlands.xml" />
	
	<!-- load agents from an external file -->
	<agents import="config/agents.xml" />
	
	<!-- define task distribution -->
	<tasks number="10" rngSeed="-6897376051029796530">
		<!--
			the probabilities, rewards and weight of tasks
		-->
		<probability distribution="uniform" min="0.0" max="1.0" />
        <reward distribution="constant" policy="short-distances" min="1000" max="99999" />
        <weight distribution="constant" value="3" />
		
		<!--
			the probability that there is no task in a city
		-->
		<no-task distribution="uniform" min="0.2" max="0.4" />

	</tasks>
	
	<!-- the companies and vehicles in the simulation -->
	<companies>
	
		<company name="Company A">
			<!-- the first vehicle (blue) -->
			<vehicle name="RLA">
				<set color="#0000ff" />
				<set home="Amsterdam" />
				<set speed="90" />
				<set capacity="80" />
				<set cost-per-km="5" />
			</vehicle>
		</company>
		
		<company name="Company B">
			<!-- the second vehicle (red) -->
			<vehicle name="Random">
				<set color="#ff0000" />
				<set home="Eindhoven" />
				<set speed="90" />
				<set capacity="80" />
				<set cost-per-km="5" />
			</vehicle>
		</company>
				
		<company name="Company C">
			<!-- the third vehicle (green) -->
			<vehicle name="Dummy">
				<set color="#00ff00" />
				<set home="Den Haag" />
				<set speed="90" />
				<set capacity="80" />
				<set cost-per-km="5" />
			</vehicle>
		</company>
		
		<company name="Company D">
			<!-- the fourth vehicle (yellow) -->
			<vehicle name="Vehicle 4">
				<set color="#ffff00" />
				<set home="Apeldoorn" />
				<set speed="90" />
				<set capacity="80" />
				<set cost-per-km="5" />
			</vehicle>
		</company>
		
		<company name="Company E">
			<!-- the fifth vehicle (magenta) -->
			<vehicle name="Vehicle 5">
				<set color="#ff00ff" />
				<set home="Utrecht" />
				<set speed="90" />
				<set capacity="80" />
				<set cost-per-km="5" />
			</vehicle>
		</company>
		
		<company name="Company F">
			<!-- the sixth vehicle (cyan) -->
			<vehicle name="Vehicle 6">
				<set color="#00ffff" />
				<set home="Groningen" />
				<set speed="90" />
				<set capacity="80" />
				<set cost-per-km="5" />
			</vehicle>
		</company>
		
	</companies>
	
</configuration>
