<?xml version="1.0" encoding="UTF-8"?>

<!-- the default configuration for centralized agents -->
<configuration name="ex3" mode="centralized">

	<!-- global settings -->
	<settings import="config/settings_default.xml" />

	<!-- load the topology from an external file -->
	<topology import="config/topology/england.xml" />

	<!-- load agents -->
	<agents import="config/agents.xml" />
	
	<!-- define task distribution -->
	<tasks number="30" rngSeed="12345">
		<!--
			the probabilities, rewards and weight of tasks
		-->
		<probability distribution="uniform" min="0.0" max="1.0" />
		<reward distribution="constant" policy="short-distances" min="100" max="99999" />
		<weight distribution="constant" value="3" />

	</tasks>
	
	<!-- the companies and vehicles in the simulation -->
	<companies>
		<company name="Company A">
			
			<!-- the first vehicle (blue) -->
            <vehicle name="Vehicle 1">
                <set color="#0000ff" />
                <set home="Newcastle" />
                <set speed="90" />
                <set capacity="30" />
                <set cost-per-km="5" />
            </vehicle>
            
            <!-- the second vehicle (red) -->
            <vehicle name="Vehicle 2">
                <set color="#ff0000" />
                <set home="Cardiff" />
                <set speed="90" />
                <set capacity="30" />
                <set cost-per-km="5" />
            </vehicle>

            <!-- the third vehicle (green) -->
            <vehicle name="Vehicle 3">
                <set color="#00ff00" />
                <set home="Plymouth" />
                <set speed="90" />
                <set capacity="30" />
                <set cost-per-km="5" />
            </vehicle>
            
            <!-- the fourth vehicle (magenta) -->
            <vehicle name="Vehicle 4">
                <set color="#ff00ff" />
                <set home="Norwich" />
                <set speed="90" />
                <set capacity="30" />
                <set cost-per-km="5" />
            </vehicle>
            
		</company>
	</companies>
	
</configuration>
